participant_id,typeform_response_id,What is your prolific ID?,"How often have you experienced or witnessed safety-related incidents (e.g., crime, emergencies) in your city that affect how safe you feel?",Do you live North or South of the UK?,How much do you trust local government institutions?,How comfortable are you with understanding and using new technologies?,Response Type,Stage Date (UTC),Status,Custom study tncs accepted at,Deception,Age,Sex,Ethnicity simplified,Country of birth,Country of residence,Nationality,Language,Student status,Employment status,Political affiliation (uk)
2232522f-7520-4537-9383-a6127bb880c1,yom8gx0zj6qotsblhyomyfni6qjgmye2,5ec96e3609117f0a67231842,Rarely,South,Neutral,Comfortable,completed,,RETURNED,Not Applicable,,,,,,,,,,,
fc34ecd1-7725-40bb-828a-dc17af9933cf,cvcgx30thwf6p4s2xl2zvhcvcgx3mc2g,5e69cfe8978ef90387707325,Often,North,Distrust,Very comfortable,completed,,APPROVED,Not Applicable,,29.0,Male,Black,United States,United States,United States,English,,,
780775b2-b20d-4158-a62d-60152f372419,pybpcd3watoscmdpybpw98h2oi5o5r6h,665de25c0fd848aca86e06e0,Sometimes,North,Strongly distrust,Comfortable,completed,,RETURNED,Not Applicable,,,,,,,,,,,
67ebd22c-5b4d-407f-b7ad-90d855ab86a8,357woe4ltkvkp8br6u357wv3rwpji74t,65789e3b5552e0a462eab4ca,Often,North,Neutral,Very comfortable,completed,,APPROVED,Not Applicable,,19.0,Male,White,United Kingdom,United Kingdom,United Kingdom,English,No,,
67ebd22c-5b4d-407f-b7ad-90d855ab86a8,357woe4ltkvkp8br6u357wv3rwpji74t,65789e3b5552e0a462eab4ca,Often,North,Neutral,Very comfortable,completed,,RETURNED,Not Applicable,,,,,,,,,,,
d6bd393c-cf1e-4189-8da6-a3a785510e74,hqi4z0rpbli1yphqi49gtvafi1dx9whx,5ef8bf948a48ac03adaad640,Rarely,South,Distrust,Comfortable,completed,,APPROVED,Not Applicable,,45.0,Female,White,United Kingdom,United Kingdom,United Kingdom,English,No,Full-Time,
a614abf1-2a07-44ec-9924-00d4c75ab243,ners43xbpwcwbq2krners43n31hz5ha6,665abb661d3f242a05ffb7ed,Sometimes,South,Strongly distrust,Neutral,completed,,APPROVED,Not Applicable,,36.0,Female,White,United Kingdom,United Kingdom,United Kingdom,English,No,Full-Time,
f385c4bb-0dd3-4b7e-932c-f62603ee6c63,18qg3lt7pjs0zvnb7oh18qg3lmd9wkgj,66c49e817f306682e177fab9,Rarely,South,Trust,Very comfortable,completed,,APPROVED,Not Applicable,,36.0,Male,Black,Nigeria,United Kingdom,Nigeria,English,No,Full-Time,
bcc04aa6-7400-433c-a15c-28117c776274,zh7r2qopm72ic3mxeqzh7r2qwe4wh4fq,66dc491bbd6573646e377b0d,Rarely,North,Strongly trust,Comfortable,completed,,RETURNED,Not Applicable,,,,,,,,,,,
c6166c39-e799-4ada-86b0-839b2bb08d6f,67ohop78gt6lb1w2ds967oh6gw7bxdql,6658b13d6a1df274ee633f90,Never,North,Trust,Comfortable,completed,,APPROVED,Not Applicable,,26.0,Male,White,United Kingdom,United Kingdom,United Kingdom,English,No,Unemployed (and job seeking),
c77b1e6e-6d62-4856-8e17-cd79687f65c3,wm7v0pv5sn31hdrpjhwm7v0oljgkxja7,659ada02ac94d554396360f9,Never,North,Distrust,Neutral,completed,,APPROVED,Not Applicable,,66.0,Male,White,United Kingdom,United Kingdom,United Kingdom,English,No,Other,
71b21532-0010-48f4-a65f-d07415ef7c8d,d8hdyoxwr2csc74gohiakotcswad8hdy,6663052bdf9a9140352e15ec,Rarely,South,Trust,Comfortable,completed,,APPROVED,Not Applicable,,54.0,Male,Asian,India,United Kingdom,United Kingdom,Malayalam,No,Full-Time,
8068457d-a3d5-4e9f-82bc-110232d4d52f,u0iq2wd5a9ziou0iqnraptuibpo6gaw3,5f21294e789a0649b25eff23,Rarely,North,Trust,Very comfortable,completed,,APPROVED,Not Applicable,,45.0,Male,White,United Kingdom,United Kingdom,United Kingdom,English,No,Full-Time,
c093e3da-b4a6-4e00-b4df-aaf11e9d9c2f,318m5f3orb2ds46prp318vci76ibma7k,6126283722c87c2d9e10f679,Rarely,North,Trust,Comfortable,completed,,APPROVED,Not Applicable,,37.0,Female,White,United Kingdom,United Kingdom,United Kingdom,English,,Part-Time,
223a63a9-d413-4bdc-81c8-25b37c1e58c5,oor7zcczf7gder6pthpqaigoor7zcc1w,612266b4f9ae4a5d04a21dd4,Sometimes,South,Distrust,Neutral,completed,,APPROVED,Not Applicable,,35.0,Male,White,United Kingdom,United Kingdom,United Kingdom,English,No,Full-Time,
7866a335-fc09-412e-8d13-feb762cd97c5,cmtr86nlxwnmtscmtroe63olwal1eb7v,601492777b72a04ce67e2f6d,Sometimes,South,Trust,Very comfortable,completed,,APPROVED,Not Applicable,,47.0,Male,White,United Kingdom,United Kingdom,United Kingdom,English,No,Full-Time,
95ed8d71-9e59-4f4c-a6be-f86230696df9,f9sfvnrp145y62kf9sfv41zhfeauf95n,5f20678a817321134bd74855,Sometimes,South,Distrust,Neutral,completed,,APPROVED,Not Applicable,,41.0,Female,White,Italy,United Kingdom,Italy,Italian,No,Full-Time,
ae4605eb-853f-4e30-a912-4b1f94157394,ijazvqfelqe7f1cerwijazvqkfyryq8j,5f1a13f46ab2850fa64b794d,Rarely,South,Distrust,Comfortable,completed,,APPROVED,Not Applicable,,37.0,Female,White,United Kingdom,United Kingdom,United Kingdom,English,No,Full-Time,
ae4605eb-853f-4e30-a912-4b1f94157394,ijazvqfelqe7f1cerwijazvqkfyryq8j,5f1a13f46ab2850fa64b794d,Rarely,South,Distrust,Comfortable,completed,,APPROVED,Not Applicable,,37.0,Female,White,United Kingdom,United Kingdom,United Kingdom,English,No,Full-Time,Left
3e43c450-3ce4-448f-b399-fea4991c568f,qc7qb37gseoo7pm8i08vqc7qb3cuvttp,5de7900ceb1b0a6fe754b2c6,Rarely,South,Neutral,Neutral,completed,,APPROVED,Not Applicable,,41.0,Male,White,United Kingdom,United Kingdom,United Kingdom,English,,,
86f9ec51-255e-4941-84a0-0008ebd32fa1,qw64xiw16wzyg5biwxceqqw64xiwyz05,595a4437caff060001c0f176,Rarely,North,Neutral,Comfortable,completed,,APPROVED,Not Applicable,,59.0,Male,White,United Kingdom,United Kingdom,United Kingdom,English,No,"Not in paid work (e.g. homemaker', 'retired or disabled)",
03193a0a-7a57-459c-a6ce-d8941eb890bc,v0o42bpchlv8lxe4aipv0o42bplz4ose,5dcff490b043890effa91b55,Rarely,North,Distrust,Comfortable,completed,,APPROVED,Not Applicable,,58.0,Female,White,United Kingdom,United Kingdom,United Kingdom,English,,,
5e63839b-c6e8-48a3-ada9-a3ebe68fa3c7,18e3by5ge303j8xzlr1ayp018e3bav4f,5e0b3d5dbf3d4e3868abc3ea,Rarely,South,Distrust,Comfortable,completed,,APPROVED,Not Applicable,,53.0,Male,White,United Kingdom,United Kingdom,United Kingdom,English,,,
ec31cbe8-107a-4601-bc6c-9759fd0e3c26,4845gim90xtluvh1c4845gxyh3zejiy7,668561a760077ecefc499310,Rarely,North,Neutral,Comfortable,completed,,APPROVED,Not Applicable,,26.0,Female,Black,Nigeria,United Kingdom,Nigeria,English,No,Full-Time,
83062bf4-eca9-40b6-b256-2c39428dd218,v551mt8xx40ihl1pbg0c6v551mt078dl,67160b592ebef9d43b6f383e,Sometimes,South,Neutral,Comfortable,completed,,APPROVED,Not Applicable,,35.0,Female,Black,Nigeria,United Kingdom,Nigeria,English,No,Full-Time,
cd0288f6-3266-45e9-8e8f-b57c7130b97d,ojcwb2uv7gasq52ahnpqoojcwb2uv7r9,5929c96027ea400001301061,Rarely,South,Neutral,Very comfortable,completed,,APPROVED,Not Applicable,,52.0,Male,White,United Kingdom,United Kingdom,United Kingdom,English,,,
5bcbee53-0f28-41d6-804b-84d6939160ff,k288rydt381p1s6kiz7k288ryp39qm4i,6672d9ae0a2fc6fd8ad00fd5,Often,North,Distrust,Comfortable,completed,,TIMED-OUT,Not Applicable,,45.0,,White,Romania,United Kingdom,,Romanian,,,
93acda70-2758-4487-8698-fcc0e1868441,fgrgvpru53d8c2qi2xtl9qfgrgvp9n1y,6707b73cc66a645d57169e03,Often,North,Neutral,Uncomfortable,completed,,APPROVED,Not Applicable,,46.0,Female,Mixed,United Kingdom,United Kingdom,United Kingdom,English,Yes,"Not in paid work (e.g. homemaker', 'retired or disabled)",
e58eda81-2401-4414-a924-b4c700fe1bd4,uovvtdfogryudi6uovvthohybw2fh5ha,636cc5fa559ec4d93e272972,Often,South,Neutral,Comfortable,completed,,APPROVED,Not Applicable,,55.0,Male,White,United Kingdom,United Kingdom,United Kingdom,English,,,
13de5748-949b-4f4c-a82f-165e2682ff76,yxvszol66j4rm8x0ssgyxvszoo21bzvy,5c7ed8dfe82bf100010fb514,Rarely,South,Trust,Comfortable,completed,,APPROVED,Not Applicable,,45.0,Female,Black,South Africa,United Kingdom,United Kingdom,Swahili,,,
88b54617-b353-4024-99cc-c62ee7709fcf,1z7jkv3tuntikjtxp1z7jkv9peugm4d4,65c186bb00af1af81e3f5e49,Sometimes,South,Neutral,Very comfortable,completed,,APPROVED,Not Applicable,,52.0,Female,Black,United States,United States,United States,English,No,Part-Time,
f53c3627-1cff-484a-8489-024ed40d9a22,txla5z4yeowxhxf5etxla5zw2qrvkdzf,646dc9848e53ff1705d8c9c5,Rarely,South,Strongly distrust,Neutral,completed,,APPROVED,Not Applicable,,49.0,Female,Other,United States,United Kingdom,United States,English,,Other,
96764f78-bb09-4c0d-9430-aa2fa2cdaea6,0ntyfcjq01mjn4i40ntyfcriu6hkaskr,5f8f070be1058d0f59279d4d,Rarely,South,Distrust,Very comfortable,completed,,TIMED-OUT,Not Applicable,,24.0,Male,White,United Kingdom,United Kingdom,United Kingdom,English,No,Full-Time,
54bc5be6-af20-489c-b2be-55f0b7010d81,2nyelxxx3f4pabmu2nyen6u6xkhbjrh0,617473c7a957c695f9f935dd,Sometimes,South,Trust,Very comfortable,completed,,TIMED-OUT,Not Applicable,,30.0,Female,White,United Kingdom,United Kingdom,United Kingdom,English,No,Full-Time,
c00d6bc3-de5a-4585-b457-d328a7042c3e,7w4nzmbgcos7uyz83c25w7w4nzv1338b,66868c1a85ea7e95f11025eb,Often,North,Distrust,Comfortable,completed,,APPROVED,Not Applicable,,48.0,Female,White,United Kingdom,United Kingdom,United Kingdom,English,No,Part-Time,
290a4b96-2985-4e5d-b969-caeac09c44fe,d4824b7lrchuagl97fgd48lrjszu40dn,6447a166cb504ea78f43d940,Rarely,South,Neutral,Comfortable,completed,,TIMED-OUT,Not Applicable,,38.0,Female,White,Bulgaria,United Kingdom,Bulgaria,Bulgarian,,,
a21ab265-9285-4460-b779-9fcbf16d6a23,ylsrmqhsuf6fln4nyswtlylsrmq4exn2,61113ad836a1f1b60f4c9389,Sometimes,North,Strongly distrust,Very comfortable,completed,,TIMED-OUT,Not Applicable,,71.0,Male,White,United Kingdom,United Kingdom,United Kingdom,English,,,
11c78ad5-e768-4282-86dd-73c006da9fe4,hvz8byrtdu4m6rzjhvz8bchjxzocx42x,67163908d163cdb3d7a8012a,Never,North,Neutral,Very uncomfortable,completed,,TIMED-OUT,Not Applicable,,30.0,Male,Asian,India,United Kingdom,India,English,Yes,,
79cdadda-6957-4129-ad20-63067d74b885,fuygpfgph4fxslfuygdf4a51hc23z7n0,66674330919dd06aef0f300f,Sometimes,North,Trust,Very comfortable,completed,,APPROVED,Not Applicable,,52.0,Female,Black,Nigeria,United Kingdom,United Kingdom,English,No,Full-Time,
84bcff7a-7bbd-4c01-b3f8-d91bb66998fd,uqsxdzyzcchw9hmsrucyuqsxdzn5jaoh,604822031f4666160f00b04a,Sometimes,South,Distrust,Comfortable,completed,,TIMED-OUT,Not Applicable,,71.0,Female,White,United Kingdom,United Kingdom,United Kingdom,English,No,Part-Time,
5807fc37-b211-48eb-b305-ff749791c96b,tkq570y9b0vx8725utkq5705rbome1vn,65b2b44a47f7718b68283556,Rarely,North,Strongly distrust,Comfortable,completed,,TIMED-OUT,Not Applicable,,55.0,Female,White,United Kingdom,United Kingdom,United Kingdom,English,,,
a7021426-2186-4ea7-b7f8-fa8f5d20939b,lr7xzmw39d7hmviz973lr7xzmw1lyrnl,66881061cc3ca6d04d431240,Rarely,South,Neutral,Very comfortable,completed,,TIMED-OUT,Not Applicable,,27.0,Male,Black,Nigeria,United Kingdom,Nigeria,English,No,"Not in paid work (e.g. homemaker', 'retired or disabled)",
bb45fb18-2d79-4e21-996a-07caf7c94373,ktat64o0mouwm3avtktat6bzfj99ryq2,616446c54ec10a56f2070911,Rarely,South,Neutral,Comfortable,completed,,APPROVED,Not Applicable,,45.0,Female,Mixed,United Kingdom,United Kingdom,United Kingdom,English,No,Full-Time,
e73c83cb-21e2-450f-9872-647005686c56,ytzap42mtk76py2mwytbw9lf4jbupoag,62c4590804317dc197ecbe8a,Rarely,South,Neutral,Comfortable,completed,,APPROVED,Not Applicable,,52.0,Male,White,United Kingdom,United Kingdom,United Kingdom,English,No,"Not in paid work (e.g. homemaker', 'retired or disabled)",Right
98bc2602-e6b7-45a9-a7b6-0bc53fb832ea,vvys8la9oayegmhq9bvvys8g2por7ml7,5f20678a817321134bd74855,Sometimes,South,Distrust,Neutral,completed,,APPROVED,Not Applicable,,41.0,Female,White,Italy,United Kingdom,Italy,Italian,No,Full-Time,
b0af4437-95da-491f-8594-ebc22f1fdd2d,4yg73ghxpparoiwfqpvl64yg92glmvlk,5c0f8d00367ee9000125404a,Sometimes,South,Strongly trust,Comfortable,completed,,APPROVED,Not Applicable,"Yes, I would be comfortable to take part in such a study",33.0,Male,White,Germany,Germany,Germany,German,,,
8f4340e0-09a7-423e-bceb-93cef17b4605,9ciymv5faxlt92okwdym9ciymv5fa4i5,5ba94943d08ab20001c8437a,Sometimes,South,Neutral,Comfortable,completed,,APPROVED,Not Applicable,,35.0,Female,White,United Kingdom,United Kingdom,United Kingdom,English,No,Full-Time,
009cb95d-ec1b-47ff-b2bc-fc49556b25b8,kl534g8mudgoohyg8izkl53a8wk4s4y0,66881a8fe396f4f33f070d64,Very often,South,Distrust,Very comfortable,completed,,APPROVED,Not Applicable,,31.0,Male,Mixed,United Kingdom,United Kingdom,United Kingdom,English,Yes,Full-Time,Centre
6b3114b9-079c-438e-a07a-1f983887f9bf,71eraybpmhdxxm775hx71erayi00l7d4,5d853d4eecc7dc001850467f,Rarely,South,Trust,Comfortable,completed,,RETURNED,Not Applicable,,,,,,,,,,,
6b3114b9-079c-438e-a07a-1f983887f9bf,71eraybpmhdxxm775hx71erayi00l7d4,5d853d4eecc7dc001850467f,Rarely,South,Trust,Comfortable,completed,,APPROVED,Not Applicable,,44.0,Female,White,United Kingdom,United Kingdom,United Kingdom,English,No,Part-Time,
6b3114b9-079c-438e-a07a-1f983887f9bf,71eraybpmhdxxm775hx71erayi00l7d4,5d853d4eecc7dc001850467f,Rarely,South,Trust,Comfortable,completed,,APPROVED,Not Applicable,"Yes, I would be comfortable to take part in such a study",44.0,Female,White,United Kingdom,United Kingdom,United Kingdom,English,No,Part-Time,
816aa8de-06b8-4bd4-ac58-3c928649286f,4qkkyc6ka1cqzt4qkk3n8vkj54alz6zn,672408867a09fe9da8f9c099,Often,North,Neutral,Comfortable,completed,,APPROVED,Not Applicable,,24.0,Female,Asian,United Kingdom,United Kingdom,United Kingdom,English,No,Other,
b9926db9-820d-45a2-ae8d-71ebe10de3e3,pkopv42waue803vusypkoplkfpn7wjz1,671a3a915684c82d06bd8a3e,Never,North,Distrust,Comfortable,completed,,APPROVED,Not Applicable,,32.0,Male,White,United Kingdom,United Kingdom,United Kingdom,English,No,Full-Time,
e76be94e-b165-4fa8-8ace-d572774ed442,8nurwygmezbob9rf045df8nurwygmlwo,605bfe34b95bfaa4eb7497da,Rarely,South,Trust,Comfortable,completed,,APPROVED,Not Applicable,,55.0,Female,Black,United Kingdom,United Kingdom,United Kingdom,English,No,Full-Time,Centre
a8d2007b-1502-44f9-a7f2-be16a8fdfed4,42vh3l6x87jdalsfe42vh3noil3mr079,5f50db74e0a90c263c68207e,Sometimes,North,Trust,Very comfortable,completed,,APPROVED,Not Applicable,,32.0,Male,Mixed,United Kingdom,United Kingdom,United Kingdom,English,No,Full-Time,
787ab481-5927-438d-805d-40ddb87b898e,cbrpvej073cppd7j4aycbrpvejze4qz1,666430244c9c647750ac4b1c,Never,South,Strongly trust,Very comfortable,completed,,APPROVED,Not Applicable,,68.0,Male,White,United Kingdom,United Kingdom,United Kingdom,English,No,"Not in paid work (e.g. homemaker', 'retired or disabled)",Left
f642defa-74c5-4f59-aca0-787dc636182f,d04l5kk7inbxm13u25d04l5kusmsbarh,63e52208b3208534c48c13ff,Sometimes,North,Trust,Comfortable,completed,,APPROVED,Not Applicable,,44.0,Male,White,United Kingdom,United Kingdom,United Kingdom,English,No,Full-Time,Centre
f2832a3f-f1a4-4ceb-bc22-d3fee098a852,5lrm7ltis30cecfqzy5lrf4dsfl0gbxp,6647d07aa461df21d6344f2b,Often,South,Neutral,Neutral,completed,,APPROVED,Not Applicable,,37.0,Female,Asian,Pakistan,United Kingdom,United Kingdom,Urdu,No,"Not in paid work (e.g. homemaker', 'retired or disabled)",
780a6912-4065-414d-ac4b-68c21f8c69c0,tkms766vv8dc4qjbmmvhtkms76af46w2,66bfd3867e3dd5e2c19650b9,Never,South,Trust,Very comfortable,completed,,APPROVED,Not Applicable,,27.0,Male,Asian,India,United Kingdom,United Kingdom,English,No,Unemployed (and job seeking),Right
2823fac7-4e8c-4cfe-9111-5a99a78e1583,6nfpvbsbe6icv7t36nfy8g5ucg0rlhqx,664cdddf498efcba503a89ef,Often,South,Trust,Very comfortable,completed,,APPROVED,Not Applicable,,26.0,Male,White,United Kingdom,United Kingdom,United Kingdom,English,No,Full-Time,
e40d157c-699c-42a0-b05b-d5924c677a57,yp8paatrg248qxiqts7987u3yp8paatr,5d3bfbebfd9694001a2d0f99,Rarely,North,Distrust,Very comfortable,completed,,APPROVED,Not Applicable,,37.0,Male,White,United Kingdom,United Kingdom,United Kingdom,English,No,Full-Time,
f0d12717-c76b-4a97-b58a-8ca01b89f37a,ivi5fbkdwe7alprd9livi5fd1tt21ih4,671f9fa9267b74c50e43f6d3,Never,North,Neutral,Comfortable,completed,,APPROVED,Not Applicable,,56.0,Male,Other,United Kingdom,United Kingdom,United Kingdom,English,No,,Centre
581d0144-51e9-4a32-9965-fe529022c560,8uy0xwcvclb33l0ymhp8uy0owjjdd1oa,6531312fd57d084e7803df3b,Rarely,North,Distrust,Neutral,completed,,APPROVED,Not Applicable,,44.0,Female,White,United Kingdom,United Kingdom,United Kingdom,English,,,
fa8862d3-067f-4a5a-ba3b-7868888af568,zsex06zw7dyvf6ytr3muzsextq376uhl,5f68e47097de38085d5f2284,Sometimes,South,Distrust,Comfortable,completed,,APPROVED,Not Applicable,,18.0,Male,Mixed,United Kingdom,United Kingdom,United Kingdom,English,Yes,Other,Left
3de18c01-6f27-4629-b992-f2a1fe39b1c0,ked4vbn8gesv01rked4vslpmty4zqrdg,6658d105095fc1ce71c51d57,Rarely,North,Distrust,Comfortable,completed,,APPROVED,Not Applicable,,42.0,Female,White,United Kingdom,United Kingdom,United Kingdom,English,No,Part-Time,
09657af2-7b1c-47d9-ba3d-e268ff34830b,hmpw98so17gzn50w4cxeqohmpw0pibpc,5e95b16a5a20a7024211e6f5,Sometimes,South,Neutral,Comfortable,completed,,APPROVED,Not Applicable,,45.0,Female,White,United Kingdom,United Kingdom,United Kingdom,English,,,
c09fffc0-96fc-4277-9224-936797f094f1,l0b18rairm1ry0hzul0b1kn902702ge3,5b82d4fda284bc000193094c,Sometimes,South,Trust,Comfortable,completed,,APPROVED,Not Applicable,,33.0,Male,Asian,United Kingdom,United Kingdom,United Kingdom,English,,,
45c389c9-f216-45b0-8727-6ed55614c12c,w9iablofql416gh0v0w9iabllcljgk1e,66e2a63009fa06e958a34fcf,Never,South,Neutral,Very comfortable,completed,,TIMED-OUT,Not Applicable,,56.0,Male,White,United Kingdom,United Kingdom,United Kingdom,English,No,Full-Time,
6b3d2f8e-3b18-4ea2-b15f-dd08c3e017ec,jq44n1e77ripcjq44m6mqpgggj9nkd3h,55d51a6b8ce09000127d4821,Rarely,South,Neutral,Comfortable,completed,,APPROVED,Not Applicable,,35.0,Male,White,United Kingdom,United Kingdom,United Kingdom,English,No,Full-Time,
1a4a1296-9772-42bd-90c3-bdd54eae6d23,70ejipc3crv20gcb70ejipcfhi82cx0n,66ddb5abef188172bcfad517,Rarely,North,Trust,Comfortable,completed,,APPROVED,Not Applicable,,50.0,Male,White,United Kingdom,United Kingdom,United Kingdom,English,No,Full-Time,
d9aab5f9-511b-40a4-9de7-a9d8ba8bc570,wtsrow1k0hkp0e5f4uwtsrotxwrfnrsv,6082943690602d952ca12cff,Rarely,North,Neutral,Very comfortable,completed,,APPROVED,Not Applicable,,34.0,Male,White,United Kingdom,United Kingdom,United Kingdom,English,No,Full-Time,
ffb14771-babb-4b3f-a9e4-885e1096bf6d,odchbybqvhhogx2jpsgodchbyakm19d3,5dbf3be9aab19f3e2dab2f4d,Rarely,South,Strongly distrust,Very comfortable,completed,,APPROVED,Not Applicable,,66.0,Male,White,United Kingdom,United Kingdom,United Kingdom,English,No,Unemployed (and job seeking),Right
d60006e3-572b-4d10-bb94-77923e2cec87,0n09d4ro5ly06a3puitb0n09dd83kxzd,65b0221481be9840cf46c89f,Rarely,North,Neutral,Comfortable,completed,,APPROVED,Not Applicable,,64.0,Female,White,United Kingdom,United Kingdom,United Kingdom,English,No,"Not in paid work (e.g. homemaker', 'retired or disabled)",Left
cab10f4d-c98e-413a-a596-5c2ee4ec6c7b,yq7yc5jwxiwkacoyq7ydzoefx430px0v,6623aea85272740e6caa3e0a,Sometimes,South,Trust,Comfortable,completed,,APPROVED,Not Applicable,,48.0,Female,Black,Ghana,United Kingdom,United Kingdom,English,No,Full-Time,Left
7d68b86e-492b-46ca-b5b3-9026011bd531,x2e3rm8elozjzmeqx2e3rena0gceseit,5d7e8b886984850001138382,Rarely,North,Neutral,Comfortable,completed,,APPROVED,Not Applicable,"Yes, I would be comfortable to take part in such a study",38.0,Female,White,United Kingdom,United Kingdom,United Kingdom,English,No,Part-Time,
c3bb0fd5-8838-46c8-92fc-c96b93a7e936,gydnsqcbawvgahi1gydnzjlzbedlbh3u,668cfb61d0e0765f352fe963,Sometimes,North,Neutral,Comfortable,completed,,APPROVED,Not Applicable,,46.0,Female,White,United Kingdom,United Kingdom,United Kingdom,English,No,,
d7d77afe-ed6a-4ea7-a8b8-08ef5373128a,slfbikxs6wy394gwihrsldydtjc1fvsp,66d582c819db73a04b11b443,Sometimes,South,Neutral,Comfortable,completed,,APPROVED,Not Applicable,,47.0,Female,White,United Kingdom,United Kingdom,United Kingdom,English,No,Full-Time,
1149cd48-c14c-444b-b35b-63a9bf0199c9,y9ehtv57y1t4tx5ihy9ehtvpc0wlybai,56c9e4d9b30699000bd974a5,Rarely,South,Distrust,Very comfortable,completed,,APPROVED,Not Applicable,"Yes, I would be comfortable to take part in such a study",39.0,Male,White,United Kingdom,United Kingdom,United Kingdom,English,Yes,,
525cbcdc-ce65-4157-a80b-4a4d71184346,qbepmwefh30u5jqbep6z7h1x017i9hk9,656ddcbf866b84025844f011,Often,South,Distrust,Comfortable,completed,,APPROVED,Not Applicable,,31.0,Female,White,United Kingdom,United Kingdom,United Kingdom,English,No,Full-Time,
c531383f-3328-4d19-8de4-6d260947816d,vh1vlfw8h4y6rqbp14s17vh1vl9iqd98,5aa559ee1eda41000136cd9a,Sometimes,South,Neutral,Very comfortable,completed,,APPROVED,Not Applicable,,41.0,Male,Mixed,United Kingdom,United Kingdom,United Kingdom,English,No,Other,Left
f3673fac-93c5-4243-9f7d-9461e8fd07c3,goztbqqixy984i0m55mfgoztbqabugru,66c75715dbb32f863447cb6b,Rarely,South,Trust,Very comfortable,completed,,APPROVED,Not Applicable,,31.0,Male,White,United Kingdom,United Kingdom,United Kingdom,English,Yes,Full-Time,
23abecf3-0e70-46dc-b850-3cc111e37b9e,cbkcwsw7cvxnhis42qcbkcwszmdy9j3g,6681614369bdb3f339514144,Sometimes,South,Neutral,Comfortable,completed,,APPROVED,Not Applicable,,34.0,Female,White,United Kingdom,United Kingdom,United Kingdom,English,No,Part-Time,Left
01451c1e-a0ff-4326-8513-93203505a8b1,4dpdkpmopllh5604v7drv4dpdkc6o4vj,66792a957a70f9bab7ebfff1,Often,South,Neutral,Very comfortable,completed,,APPROVED,Not Applicable,,27.0,Male,Black,United Kingdom,United Kingdom,United Kingdom,English,Yes,Full-Time,Centre
dba2f930-8d57-4ef1-be9f-759bcce97b64,st6dc1fitzn3hbst6dc1czi3qlxmmnnj,5e28e735ea776009d4d15c34,Rarely,South,Trust,Comfortable,completed,,APPROVED,Not Applicable,,38.0,Male,Black,Nigeria,United Kingdom,United Kingdom,English,,,
ae7578ea-dd9c-4c9a-8631-842ef7e9cb50,a2doj9p6dzijvwd1ya2doj55e3xyuyg0,6131f6711c0d96f6f1fb04af,Never,North,Trust,Comfortable,completed,,APPROVED,Not Applicable,,35.0,Male,White,Romania,United Kingdom,,Romanian,,,
9150f39b-d3d2-4a53-bd71-16a389e95a65,4wy8je7oe822hz8466yn5xxzt6wuywqi,6659e9a0dfd16592e2351cfe,Rarely,South,Neutral,Very comfortable,completed,,APPROVED,Not Applicable,,22.0,Male,Black,Nigeria,United Kingdom,United Kingdom,English,Yes,Due to start a new job within the next month,Centre
2d9ac674-a7fc-4e17-a78a-f658f8653878,58s3ykrorp3yq58s3sbb1e0stjh86wtg,646d09329a9be6926ff22bed,Sometimes,South,Trust,Comfortable,completed,,APPROVED,Not Applicable,,63.0,Female,White,United Kingdom,United Kingdom,United Kingdom,English,No,Other,Right
f9ecd721-ed09-48de-829b-60f39a68196f,ynhb6m0uqder58w0tqa84ynhb62poa83,57a6891d8eccbc0001f39f89,Sometimes,South,Trust,Comfortable,completed,,APPROVED,Not Applicable,"Yes, I would be comfortable to take part in such a study",52.0,Male,White,United Kingdom,United Kingdom,United Kingdom,English,No,Other,
6fcfd5ca-99da-4d92-9fee-f8c72e70b00c,7m0k2ek5c4aqhp03cc7m0kvvot3q7u83,664dff844e81e653a83c8260,Often,South,Distrust,Very comfortable,completed,,APPROVED,Not Applicable,,33.0,Female,White,United Kingdom,United Kingdom,United Kingdom,English,No,Full-Time,Centre
2284aeee-0ae8-4ada-817d-6782c6c8846b,dfadmgo4ngfdrqwo7bkdfadmgowsb42q,62caef6da329ea6f3e110da5,Rarely,North,Trust,Very comfortable,completed,,APPROVED,Not Applicable,,47.0,Male,White,United Kingdom,United Kingdom,United Kingdom,English,No,Full-Time,Left
9ac4ce38-09ed-44f4-be48-d5daedb18a51,zdj4csf9lcdplwzzdj4cvjxrv7c2aunc,5660c8ff9df648001102f010,Often,North,Trust,Uncomfortable,completed,,APPROVED,Not Applicable,,37.0,Female,White,United Kingdom,United Kingdom,United Kingdom,English,No,Full-Time,
206d4b6b-8d0f-4cc3-b0b4-cfc1a40a5ffd,eegp79fws06uemplbqeegp798n6dn7os,5c698deee101fb00014fa321,Rarely,North,Neutral,Comfortable,completed,,APPROVED,Not Applicable,,40.0,Female,White,United Kingdom,United Kingdom,United Kingdom,English,No,Unemployed (and job seeking),
8579b874-a387-46c4-abdd-45291705f9d8,swz1g3nix83a85xkprgswz1gkgov993g,5c8d3f8bf756d40016683868,Sometimes,South,Distrust,Comfortable,completed,,APPROVED,Not Applicable,,31.0,Female,White,United Kingdom,United Kingdom,United Kingdom,English,No,Full-Time,Centre
695974ee-b586-49bc-8d88-15606195a357,2bwh1jtw6l42bwbqoqvfrjezt1p3yvq8,66f5366c7e5543684f266590,Rarely,South,Trust,Comfortable,completed,,APPROVED,Not Applicable,,61.0,Male,White,United Kingdom,United Kingdom,United Kingdom,English,No,Full-Time,
52632b9e-ed30-4ad7-8740-8237026ee4c4,v3g129ygxa017zplv3g12942235hrbrn,5f0f59f3bc44f50f92845a05,Never,North,Neutral,Very comfortable,completed,,APPROVED,Not Applicable,,43.0,Female,White,United Kingdom,United Kingdom,United Kingdom,English,Yes,Full-Time,
c9e5d365-436b-4fd2-9045-fee0b68a55e8,mr0s2j0xs3zeesomrvchs5d4vsy0yfj4,5980fff19bf4fe0001070984,Rarely,North,Distrust,Neutral,completed,,APPROVED,Not Applicable,,46.0,Male,Asian,United Kingdom,United Kingdom,United Kingdom,English,No,Full-Time,
c9e5d365-436b-4fd2-9045-fee0b68a55e8,mr0s2j0xs3zeesomrvchs5d4vsy0yfj4,5980fff19bf4fe0001070984,Rarely,North,Distrust,Neutral,completed,,APPROVED,Not Applicable,,46.0,Male,Asian,United Kingdom,United Kingdom,United Kingdom,English,No,Full-Time,Left
9f159e63-8a35-4b58-a37b-390e49c1d095,xdjm89o7k5as09ri4mmxdjm891ktqn1h,66d820e86bbee3d1976bfcb6,Rarely,South,Neutral,Neutral,completed,,TIMED-OUT,Not Applicable,,23.0,Female,White,Poland,United Kingdom,Poland,English,Yes,Other,
223d57b0-aa9e-43fc-a3d2-7acbe38e94b3,wxemc7o9lhp0udjgsx1ntwxemc7exta0,5f05d9b96bb9040acf963b11,Sometimes,South,Trust,Very comfortable,completed,,APPROVED,Not Applicable,,32.0,Male,White,United Kingdom,United Kingdom,United Kingdom,English,No,Full-Time,Left
615259f1-ce22-4756-9ea5-f96fc9670af9,vz3i9m9aaezsg2nvftmvz3i9m9rzqmjw,5c0ed000fd0c0a0001f881ea,Sometimes,South,Trust,Comfortable,completed,,RETURNED,Not Applicable,,,,,,,,,,,
3528ffbc-8c38-4cbb-b93f-2476a7ddd133,1u8n377h7ylgct78bq81u8n3777a4ajb,662e16e4d6ed60a0efed9cda,Rarely,North,Neutral,Very comfortable,completed,,APPROVED,Not Applicable,,29.0,Male,Black,United Kingdom,United Kingdom,United Kingdom,English,,Full-Time,
a25a480e-7ae7-460a-8201-94b93efa1476,este0dr6rtul9sgesaeste0dro9qw115,665cf4259f94a044143b2fd5,Rarely,South,Trust,Comfortable,completed,,APPROVED,Not Applicable,,37.0,Prefer not to say,White,United Kingdom,United Kingdom,United Kingdom,English,No,Full-Time,
a8db391f-c2e1-4ef2-a1a5-7dfff683e419,e2zeqla5ufrlt5ze2zeq7je1bmdoqckv,5d678b1609288100014849e8,Rarely,South,Neutral,Very comfortable,completed,,APPROVED,Not Applicable,"Yes, I would be comfortable to take part in such a study",38.0,Male,White,Greece,Greece,Greece,Greek,No,Full-Time,
5f139cbd-9cbf-43ac-82f5-2b40a3051bc6,3s4fbxwn37opvntan3s4fbxwz8zohq1n,5d7036ba34c25f0019dc23e8,Rarely,South,Neutral,Comfortable,completed,,APPROVED,Not Applicable,,48.0,Female,White,United Kingdom,United Kingdom,United Kingdom,English,No,Part-Time,
1e027b19-93a9-4b6c-9f54-be1a4a9e7ca2,kybuniuovl5f3c9hkybuniavotoxdbrk,6093e78e30fb90f291b261f9,Rarely,North,Neutral,Neutral,completed,,APPROVED,Not Applicable,,54.0,Female,White,United Kingdom,United Kingdom,United Kingdom,English,No,Part-Time,Right
4a9f8367-3674-419f-b831-c0835190a7b7,kpldh82iesnt7b72ekplewijuwj03g4n,66620a4c7767cfdec4b06fbe,Often,North,Neutral,Neutral,completed,,APPROVED,Not Applicable,,28.0,Male,Black,Nigeria,United Kingdom,Nigeria,English,No,Full-Time,
0c798039-c438-4aea-a5a2-7f7a2a7146d6,6ieovsp9b36riu4un6ieovspc32yxmc8,5836f2421bf4040001eb6a36,Rarely,North,Trust,Comfortable,completed,,APPROVED,Not Applicable,,61.0,Male,White,United Kingdom,United Kingdom,United Kingdom,English,,Full-Time,
eb56a7fe-f6fd-46df-8628-d229c2521fe4,rxkaab2j775tekmv7mwy5rxkaabm84m6,644016d98e4c23d7fa37632e,Rarely,South,Neutral,Neutral,completed,,APPROVED,Not Applicable,,46.0,Male,White,United Kingdom,United Kingdom,United Kingdom,English,,,
36c39f23-31bd-4b64-9585-0a433c1fd5be,nlxqr4ppaxcd44sinlx2cmrkzr63jp4w,60d20bdca2934c2104798fff,Rarely,South,Trust,Comfortable,completed,,APPROVED,Not Applicable,,41.0,Male,White,United Kingdom,United Kingdom,United Kingdom,English,Yes,"Not in paid work (e.g. homemaker', 'retired or disabled)",Right
ca305fa0-b4ca-40e7-9489-46aaa1972a3d,3ul1lmpiwsy3i77u3g5krl3ul1lmod9g,5ec957ac6084a1455283d2d3,Sometimes,North,Distrust,Very comfortable,completed,,APPROVED,Not Applicable,,26.0,Male,White,United Kingdom,United Kingdom,United Kingdom,English,No,Full-Time,Right
c5f3874b-1348-43c6-862a-8d05e8eb0143,gnb503bfj3fme4w7gnb50pg3r2sxsf5h,6724a4283681d97e1fdb3896,Sometimes,South,Neutral,Comfortable,completed,,APPROVED,Not Applicable,,31.0,Male,White,United States,United Kingdom,United States,English,No,,
b918e1fc-12f7-49cd-a744-f2a0fa068f0c,dvbfpe1v1zhuwzr5oh9b3bdvbfpe1339,5eee77689e63ac330681ffe9,Rarely,South,Neutral,Comfortable,completed,,APPROVED,Not Applicable,,43.0,Female,Black,United Kingdom,United Kingdom,United Kingdom,English,,,
bc78df10-0147-4e05-9096-93be21bc2393,zz8dg6ms2bdf5dbyzuzz8dg6msh7bjax,5b804844b26db50001a16efb,Rarely,South,Neutral,Neutral,completed,,APPROVED,Not Applicable,,30.0,Male,White,United Kingdom,United Kingdom,United Kingdom,English,No,Full-Time,
71e8ab45-8563-4fd8-b4fb-86f3dac856b1,mn3z7hq1ykrhe2hfbp2mn3z7hxuyufhc,62a999b8ed876efe5ffe9599,Often,South,Neutral,Neutral,completed,,APPROVED,Not Applicable,,44.0,Male,White,United Kingdom,United Kingdom,United Kingdom,English,No,"Not in paid work (e.g. homemaker', 'retired or disabled)",
5f01a6c4-c14d-4bd2-b83f-d56c112cd0a0,jim8ccrik0dh9okn3c2jim8a6ixg9rwa,64428384c2928e0157125891,Rarely,North,Trust,Neutral,completed,,APPROVED,Not Applicable,,52.0,Male,White,United Kingdom,United Kingdom,United Kingdom,English,No,Full-Time,
71c03d51-c272-4001-bbd0-513356588e05,fe3l9h96m36ce4zflqfe3l9h5l7zkz9r,5b4a3ab1bc06c90001f902f4,Sometimes,South,Neutral,Very comfortable,completed,,APPROVED,Not Applicable,,41.0,Female,White,United Kingdom,United Kingdom,United Kingdom,English,,,
314f3b34-ed0e-4ec4-9418-e356fc0f0052,veltbgv6pd2exjqtnfsxveltbgwik3mi,5e02285cac9e16dcddb845ef,Never,North,Distrust,Very comfortable,completed,,APPROVED,Not Applicable,"Yes, I would be comfortable to take part in such a study",45.0,Female,White,United Kingdom,United Kingdom,United Kingdom,English,,,
99c0ab48-c48d-4996-a0d0-2abc13f8794e,5p5kyo9e0sbof0t6s15p5ky2c4c74fl1,636d39168fe0bc0570ee8da0,Often,North,Strongly distrust,Very comfortable,completed,,APPROVED,Not Applicable,,58.0,Male,White,United Kingdom,United Kingdom,United Kingdom,English,No,Full-Time,Left
20c125a3-efc7-426a-a0f4-022ccea1ef84,8fim5udo5luonxcu8om8fim55fd82h8r,665b5f8006ed0290229a468f,Often,South,Neutral,Comfortable,completed,,APPROVED,Not Applicable,,30.0,Female,Asian,,United Kingdom,United Kingdom,English,No,Full-Time,
7269e4b4-f4ba-4931-aedb-7af5c9aaa953,f1oq3o0c9s6i4ovf1oq3od154omy9vou,65d31c46f1264ee93bd998b5,Rarely,South,Neutral,Very comfortable,completed,,APPROVED,Not Applicable,,28.0,Female,Asian,Hong Kong,United Kingdom,United Kingdom,English,Yes,,
